{"v":"5.7.4","fr":29.9700012207031,"ip":0,"op":147.000005987433,"w":500,"h":500,"nm":"Comp 1","ddd":0,"assets":[{"id":"comp_0","layers":[{"ddd":0,"ind":1,"ty":0,"nm":"Pre-comp 5","refId":"comp_1","sr":1,"ks":{"o":{"a":0,"k":16,"ix":11},"r":{"a":0,"k":112,"ix":10},"p":{"a":0,"k":[250,250,0],"ix":2,"l":2},"a":{"a":0,"k":[250,250,0],"ix":1,"l":2},"s":{"a":0,"k":[-100,100,100],"ix":6,"l":2}},"ao":0,"w":500,"h":500,"ip":0,"op":149.000006068894,"st":0,"bm":0},{"ddd":0,"ind":2,"ty":0,"nm":"Pre-comp 5","refId":"comp_1","sr":1,"ks":{"o":{"a":0,"k":100,"ix":11},"r":{"a":0,"k":0,"ix":10},"p":{"a":0,"k":[250,250,0],"ix":2,"l":2},"a":{"a":0,"k":[250,250,0],"ix":1,"l":2},"s":{"a":0,"k":[100,100,100],"ix":6,"l":2}},"ao":0,"w":500,"h":500,"ip":0,"op":149.000006068894,"st":0,"bm":0}]},{"id":"comp_1","layers":[{"ddd":0,"ind":1,"ty":4,"nm":"Shape Layer 6","sr":1,"ks":{"o":{"a":0,"k":29,"ix":11},"r":{"a":1,"k":[{"i":{"x":[0.833],"y":[0.833]},"o":{"x":[0.167],"y":[0.167]},"t":0,"s":[10]},{"t":146.000005946702,"s":[364]}],"ix":10},"p":{"a":0,"k":[250,250,0],"ix":2,"l":2},"a":{"a":0,"k":[0,0,0],"ix":1,"l":2},"s":{"a":0,"k":[100,100,100],"ix":6,"l":2}},"ao":0,"shapes":[{"ty":"gr","it":[{"ind":0,"ty":"sh","ix":1,"ks":{"a":1,"k":[{"i":{"x":0.667,"y":1},"o":{"x":0.333,"y":0},"t":0,"s":[{"i":[[-108.248,0],[-34.231,-102.693],[87,-62],[-87,127]],"o":[[108.248,0],[30,90],[-88.153,62.822],[61.176,-89.303]],"v":[[0,-196],[196,0],[55,196],[-141,0]],"c":true}]},{"i":{"x":0.667,"y":1},"o":{"x":0.333,"y":0},"t":35,"s":[{"i":[[-119,-41],[-30.323,-103.914],[104.896,20.243],[-78.419,150.051]],"o":[[102.344,35.261],[39.537,135.487],[-114,-22],[49.993,-95.659]],"v":[[-1.416,-211.459],[196,0],[10.711,211.764],[-57.258,-15.108]],"c":true}]},{"i":{"x":0.667,"y":1},"o":{"x":0.333,"y":0},"t":69,"s":[{"i":[[-80.982,-20.295],[73.415,-79.547],[96.311,46.23],[-128.557,107.054]],"o":[[117.957,29.561],[-119.513,129.496],[-125,-60],[79.06,-65.837]],"v":[[0,-196],[196,0],[55,196],[-141,0]],"c":true}]},{"i":{"x":0.667,"y":1},"o":{"x":0.333,"y":0},"t":102,"s":[{"i":[[-73.636,-39.34],[9.912,-107.793],[54.366,50.928],[23.692,141.462]],"o":[[146,78],[-8.207,89.254],[-135.298,-126.742],[-16.995,-101.47]],"v":[[0,-196],[196,0],[55,196],[-141,0]],"c":true}]},{"t":146.000005946702,"s":[{"i":[[-108.248,0],[-34.231,-102.693],[87,-62],[-87,127]],"o":[[108.248,0],[30,90],[-88.153,62.822],[61.176,-89.303]],"v":[[0,-196],[196,0],[55,196],[-141,0]],"c":true}]}],"ix":2},"nm":"Path 1","mn":"ADBE Vector Shape - Group","hd":false},{"ty":"st","c":{"a":0,"k":[0.070588235294,0.752941176471,0.752941176471,1],"ix":3},"o":{"a":0,"k":100,"ix":4},"w":{"a":0,"k":2,"ix":5},"lc":1,"lj":1,"ml":4,"bm":0,"nm":"Stroke 1","mn":"ADBE Vector Graphic - Stroke","hd":false},{"ty":"fl","c":{"a":0,"k":[0.070588235294,0.752941176471,0.752941176471,1],"ix":4},"o":{"a":0,"k":0,"ix":5},"r":1,"bm":0,"nm":"Fill 1","mn":"ADBE Vector Graphic - Fill","hd":false},{"ty":"tr","p":{"a":0,"k":[2,0],"ix":2},"a":{"a":0,"k":[0,0],"ix":1},"s":{"a":0,"k":[100,100],"ix":3},"r":{"a":0,"k":174,"ix":6},"o":{"a":0,"k":100,"ix":7},"sk":{"a":0,"k":0,"ix":4},"sa":{"a":0,"k":0,"ix":5},"nm":"Transform"}],"nm":"Ellipse 1","np":3,"cix":2,"bm":0,"ix":1,"mn":"ADBE Vector Group","hd":false}],"ip":0,"op":609.000024805079,"st":0,"bm":0},{"ddd":0,"ind":2,"ty":4,"nm":"Shape Layer 5","sr":1,"ks":{"o":{"a":0,"k":50,"ix":11},"r":{"a":1,"k":[{"i":{"x":[0.833],"y":[0.833]},"o":{"x":[0.167],"y":[0.167]},"t":0,"s":[4]},{"t":146.000005946702,"s":[364]}],"ix":10},"p":{"a":0,"k":[250,250,0],"ix":2,"l":2},"a":{"a":0,"k":[0,0,0],"ix":1,"l":2},"s":{"a":0,"k":[100,100,100],"ix":6,"l":2}},"ao":0,"shapes":[{"ty":"gr","it":[{"ind":0,"ty":"sh","ix":1,"ks":{"a":1,"k":[{"i":{"x":0.667,"y":1},"o":{"x":0.333,"y":0},"t":0,"s":[{"i":[[-108.248,0],[-34.231,-102.693],[87,-62],[-87,127]],"o":[[108.248,0],[30,90],[-88.153,62.822],[61.176,-89.303]],"v":[[0,-196],[196,0],[55,196],[-141,0]],"c":true}]},{"i":{"x":0.667,"y":1},"o":{"x":0.333,"y":0},"t":35,"s":[{"i":[[-119,-41],[-30.323,-103.914],[104.896,20.243],[-78.419,150.051]],"o":[[102.344,35.261],[39.537,135.487],[-114,-22],[49.993,-95.659]],"v":[[-1.416,-211.459],[196,0],[10.711,211.764],[-57.258,-15.108]],"c":true}]},{"i":{"x":0.667,"y":1},"o":{"x":0.333,"y":0},"t":69,"s":[{"i":[[-80.982,-20.295],[73.415,-79.547],[96.311,46.23],[-128.557,107.054]],"o":[[117.957,29.561],[-119.513,129.496],[-125,-60],[79.06,-65.837]],"v":[[0,-196],[196,0],[55,196],[-141,0]],"c":true}]},{"i":{"x":0.667,"y":1},"o":{"x":0.333,"y":0},"t":102,"s":[{"i":[[-73.636,-39.34],[9.912,-107.793],[54.366,50.928],[23.692,141.462]],"o":[[146,78],[-8.207,89.254],[-135.298,-126.742],[-16.995,-101.47]],"v":[[0,-196],[196,0],[55,196],[-141,0]],"c":true}]},{"t":146.000005946702,"s":[{"i":[[-108.248,0],[-34.231,-102.693],[87,-62],[-87,127]],"o":[[108.248,0],[30,90],[-88.153,62.822],[61.176,-89.303]],"v":[[0,-196],[196,0],[55,196],[-141,0]],"c":true}]}],"ix":2},"nm":"Path 1","mn":"ADBE Vector Shape - Group","hd":false},{"ty":"st","c":{"a":0,"k":[0.070588235294,0.752941176471,0.752941176471,1],"ix":3},"o":{"a":0,"k":100,"ix":4},"w":{"a":0,"k":2,"ix":5},"lc":1,"lj":1,"ml":4,"bm":0,"nm":"Stroke 1","mn":"ADBE Vector Graphic - Stroke","hd":false},{"ty":"fl","c":{"a":0,"k":[0.070588235294,0.752941176471,0.752941176471,1],"ix":4},"o":{"a":0,"k":0,"ix":5},"r":1,"bm":0,"nm":"Fill 1","mn":"ADBE Vector Graphic - Fill","hd":false},{"ty":"tr","p":{"a":0,"k":[2,0],"ix":2},"a":{"a":0,"k":[0,0],"ix":1},"s":{"a":0,"k":[100,100],"ix":3},"r":{"a":0,"k":174,"ix":6},"o":{"a":0,"k":100,"ix":7},"sk":{"a":0,"k":0,"ix":4},"sa":{"a":0,"k":0,"ix":5},"nm":"Transform"}],"nm":"Ellipse 1","np":3,"cix":2,"bm":0,"ix":1,"mn":"ADBE Vector Group","hd":false}],"ip":0,"op":609.000024805079,"st":0,"bm":0},{"ddd":0,"ind":3,"ty":4,"nm":"Shape Layer 3","sr":1,"ks":{"o":{"a":0,"k":100,"ix":11},"r":{"a":1,"k":[{"i":{"x":[0.833],"y":[0.833]},"o":{"x":[0.167],"y":[0.167]},"t":0,"s":[0]},{"t":146.000005946702,"s":[360]}],"ix":10},"p":{"a":0,"k":[250,250,0],"ix":2,"l":2},"a":{"a":0,"k":[0,0,0],"ix":1,"l":2},"s":{"a":0,"k":[100,100,100],"ix":6,"l":2}},"ao":0,"shapes":[{"ty":"gr","it":[{"ind":0,"ty":"sh","ix":1,"ks":{"a":1,"k":[{"i":{"x":0.667,"y":1},"o":{"x":0.333,"y":0},"t":0,"s":[{"i":[[-108.248,0],[-34.231,-102.693],[87,-62],[-87,127]],"o":[[108.248,0],[30,90],[-88.153,62.822],[61.176,-89.303]],"v":[[0,-196],[196,0],[55,196],[-141,0]],"c":true}]},{"i":{"x":0.667,"y":1},"o":{"x":0.333,"y":0},"t":35,"s":[{"i":[[-119,-41],[-30.323,-103.914],[104.896,20.243],[-78.419,150.051]],"o":[[102.344,35.261],[39.537,135.487],[-114,-22],[49.993,-95.659]],"v":[[-1.416,-211.459],[196,0],[10.711,211.764],[-57.258,-15.108]],"c":true}]},{"i":{"x":0.667,"y":1},"o":{"x":0.333,"y":0},"t":69,"s":[{"i":[[-80.982,-20.295],[73.415,-79.547],[96.311,46.23],[-128.557,107.054]],"o":[[117.957,29.561],[-119.513,129.496],[-125,-60],[79.06,-65.837]],"v":[[0,-196],[196,0],[55,196],[-141,0]],"c":true}]},{"i":{"x":0.667,"y":1},"o":{"x":0.333,"y":0},"t":102,"s":[{"i":[[-73.636,-39.34],[9.912,-107.793],[54.366,50.928],[23.692,141.462]],"o":[[146,78],[-8.207,89.254],[-135.298,-126.742],[-16.995,-101.47]],"v":[[0,-196],[196,0],[55,196],[-141,0]],"c":true}]},{"t":146.000005946702,"s":[{"i":[[-108.248,0],[-34.231,-102.693],[87,-62],[-87,127]],"o":[[108.248,0],[30,90],[-88.153,62.822],[61.176,-89.303]],"v":[[0,-196],[196,0],[55,196],[-141,0]],"c":true}]}],"ix":2},"nm":"Path 1","mn":"ADBE Vector Shape - Group","hd":false},{"ty":"st","c":{"a":0,"k":[0.070588235294,0.752941176471,0.752941176471,1],"ix":3},"o":{"a":0,"k":100,"ix":4},"w":{"a":0,"k":2,"ix":5},"lc":1,"lj":1,"ml":4,"bm":0,"nm":"Stroke 1","mn":"ADBE Vector Graphic - Stroke","hd":false},{"ty":"fl","c":{"a":0,"k":[0.070588235294,0.752941176471,0.752941176471,1],"ix":4},"o":{"a":0,"k":0,"ix":5},"r":1,"bm":0,"nm":"Fill 1","mn":"ADBE Vector Graphic - Fill","hd":false},{"ty":"tr","p":{"a":0,"k":[2,0],"ix":2},"a":{"a":0,"k":[0,0],"ix":1},"s":{"a":0,"k":[100,100],"ix":3},"r":{"a":0,"k":174,"ix":6},"o":{"a":0,"k":100,"ix":7},"sk":{"a":0,"k":0,"ix":4},"sa":{"a":0,"k":0,"ix":5},"nm":"Transform"}],"nm":"Ellipse 1","np":3,"cix":2,"bm":0,"ix":1,"mn":"ADBE Vector Group","hd":false}],"ip":0,"op":609.000024805079,"st":0,"bm":0},{"ddd":0,"ind":4,"ty":4,"nm":"Shape Layer 8","sr":1,"ks":{"o":{"a":0,"k":32,"ix":11},"r":{"a":1,"k":[{"i":{"x":[0.833],"y":[0.833]},"o":{"x":[0.167],"y":[0.167]},"t":0,"s":[9]},{"t":146.000005946702,"s":[369]}],"ix":10},"p":{"a":0,"k":[250,250,0],"ix":2,"l":2},"a":{"a":0,"k":[0,0,0],"ix":1,"l":2},"s":{"a":0,"k":[100,100,100],"ix":6,"l":2}},"ao":0,"shapes":[{"ty":"gr","it":[{"ind":0,"ty":"sh","ix":1,"ks":{"a":1,"k":[{"i":{"x":0.667,"y":1},"o":{"x":0.333,"y":0},"t":0,"s":[{"i":[[-108.248,0],[-34.231,-102.693],[87,-62],[-87,127]],"o":[[108.248,0],[30,90],[-88.153,62.822],[61.176,-89.303]],"v":[[0,-196],[196,0],[55,196],[-141,0]],"c":true}]},{"i":{"x":0.667,"y":1},"o":{"x":0.333,"y":0},"t":35,"s":[{"i":[[-119,-41],[31.105,-103.683],[104.896,20.243],[35.656,149.755]],"o":[[102.344,35.261],[-33,110],[-114,-22],[-25,-105]],"v":[[0,-196],[196,0],[55,196],[-141,0]],"c":true}]},{"i":{"x":0.667,"y":1},"o":{"x":0.333,"y":0},"t":69,"s":[{"i":[[-167.87,25.909],[104.33,-28.858],[0.101,-122.225],[-61.689,141.041]],"o":[[144.066,-22.235],[-208.901,57.784],[-0.114,138.654],[64.474,-147.409]],"v":[[0,-196],[196,0],[55,196],[-141,0]],"c":true}]},{"i":{"x":0.667,"y":1},"o":{"x":0.333,"y":0},"t":102,"s":[{"i":[[-73.636,-39.34],[80.69,-72.157],[42.39,-112.759],[-67.612,61.515]],"o":[[146,78],[-59.46,53.172],[-65.236,173.531],[76.1,-69.237]],"v":[[0,-196],[196,0],[55,196],[-141,0]],"c":true}]},{"t":146.000005946702,"s":[{"i":[[-108.248,0],[-34.231,-102.693],[87,-62],[-87,127]],"o":[[108.248,0],[30,90],[-88.153,62.822],[61.176,-89.303]],"v":[[0,-196],[196,0],[55,196],[-141,0]],"c":true}]}],"ix":2},"nm":"Path 1","mn":"ADBE Vector Shape - Group","hd":false},{"ty":"st","c":{"a":0,"k":[0.070588235294,0.752941176471,0.752941176471,1],"ix":3},"o":{"a":0,"k":100,"ix":4},"w":{"a":0,"k":2,"ix":5},"lc":1,"lj":1,"ml":4,"bm":0,"nm":"Stroke 1","mn":"ADBE Vector Graphic - Stroke","hd":false},{"ty":"fl","c":{"a":0,"k":[0.070588235294,0.752941176471,0.752941176471,1],"ix":4},"o":{"a":0,"k":0,"ix":5},"r":1,"bm":0,"nm":"Fill 1","mn":"ADBE Vector Graphic - Fill","hd":false},{"ty":"tr","p":{"a":0,"k":[2,0],"ix":2},"a":{"a":0,"k":[0,0],"ix":1},"s":{"a":0,"k":[100,100],"ix":3},"r":{"a":0,"k":63,"ix":6},"o":{"a":0,"k":100,"ix":7},"sk":{"a":0,"k":0,"ix":4},"sa":{"a":0,"k":0,"ix":5},"nm":"Transform"}],"nm":"Ellipse 1","np":3,"cix":2,"bm":0,"ix":1,"mn":"ADBE Vector Group","hd":false}],"ip":0,"op":609.000024805079,"st":0,"bm":0},{"ddd":0,"ind":5,"ty":4,"nm":"Shape Layer 7","sr":1,"ks":{"o":{"a":0,"k":68,"ix":11},"r":{"a":1,"k":[{"i":{"x":[0.833],"y":[0.833]},"o":{"x":[0.167],"y":[0.167]},"t":0,"s":[4]},{"t":146.000005946702,"s":[364]}],"ix":10},"p":{"a":0,"k":[250,250,0],"ix":2,"l":2},"a":{"a":0,"k":[0,0,0],"ix":1,"l":2},"s":{"a":0,"k":[100,100,100],"ix":6,"l":2}},"ao":0,"shapes":[{"ty":"gr","it":[{"ind":0,"ty":"sh","ix":1,"ks":{"a":1,"k":[{"i":{"x":0.667,"y":1},"o":{"x":0.333,"y":0},"t":0,"s":[{"i":[[-108.248,0],[-34.231,-102.693],[87,-62],[-87,127]],"o":[[108.248,0],[30,90],[-88.153,62.822],[61.176,-89.303]],"v":[[0,-196],[196,0],[55,196],[-141,0]],"c":true}]},{"i":{"x":0.667,"y":1},"o":{"x":0.333,"y":0},"t":35,"s":[{"i":[[-119,-41],[31.105,-103.683],[104.896,20.243],[35.656,149.755]],"o":[[102.344,35.261],[-33,110],[-114,-22],[-25,-105]],"v":[[0,-196],[196,0],[55,196],[-141,0]],"c":true}]},{"i":{"x":0.667,"y":1},"o":{"x":0.333,"y":0},"t":69,"s":[{"i":[[-167.87,25.909],[104.33,-28.858],[0.101,-122.225],[-61.689,141.041]],"o":[[144.066,-22.235],[-208.901,57.784],[-0.114,138.654],[64.474,-147.409]],"v":[[0,-196],[196,0],[55,196],[-141,0]],"c":true}]},{"i":{"x":0.667,"y":1},"o":{"x":0.333,"y":0},"t":102,"s":[{"i":[[-73.636,-39.34],[80.69,-72.157],[42.39,-112.759],[-67.612,61.515]],"o":[[146,78],[-59.46,53.172],[-65.236,173.531],[76.1,-69.237]],"v":[[0,-196],[196,0],[55,196],[-141,0]],"c":true}]},{"t":146.000005946702,"s":[{"i":[[-108.248,0],[-34.231,-102.693],[87,-62],[-87,127]],"o":[[108.248,0],[30,90],[-88.153,62.822],[61.176,-89.303]],"v":[[0,-196],[196,0],[55,196],[-141,0]],"c":true}]}],"ix":2},"nm":"Path 1","mn":"ADBE Vector Shape - Group","hd":false},{"ty":"st","c":{"a":0,"k":[0.070588235294,0.752941176471,0.752941176471,1],"ix":3},"o":{"a":0,"k":100,"ix":4},"w":{"a":0,"k":2,"ix":5},"lc":1,"lj":1,"ml":4,"bm":0,"nm":"Stroke 1","mn":"ADBE Vector Graphic - Stroke","hd":false},{"ty":"fl","c":{"a":0,"k":[0.070588235294,0.752941176471,0.752941176471,1],"ix":4},"o":{"a":0,"k":0,"ix":5},"r":1,"bm":0,"nm":"Fill 1","mn":"ADBE Vector Graphic - Fill","hd":false},{"ty":"tr","p":{"a":0,"k":[2,0],"ix":2},"a":{"a":0,"k":[0,0],"ix":1},"s":{"a":0,"k":[100,100],"ix":3},"r":{"a":0,"k":63,"ix":6},"o":{"a":0,"k":100,"ix":7},"sk":{"a":0,"k":0,"ix":4},"sa":{"a":0,"k":0,"ix":5},"nm":"Transform"}],"nm":"Ellipse 1","np":3,"cix":2,"bm":0,"ix":1,"mn":"ADBE Vector Group","hd":false}],"ip":0,"op":609.000024805079,"st":0,"bm":0},{"ddd":0,"ind":6,"ty":4,"nm":"Shape Layer 2","sr":1,"ks":{"o":{"a":0,"k":100,"ix":11},"r":{"a":1,"k":[{"i":{"x":[0.833],"y":[0.833]},"o":{"x":[0.167],"y":[0.167]},"t":0,"s":[0]},{"t":146.000005946702,"s":[360]}],"ix":10},"p":{"a":0,"k":[250,250,0],"ix":2,"l":2},"a":{"a":0,"k":[0,0,0],"ix":1,"l":2},"s":{"a":0,"k":[100,100,100],"ix":6,"l":2}},"ao":0,"shapes":[{"ty":"gr","it":[{"ind":0,"ty":"sh","ix":1,"ks":{"a":1,"k":[{"i":{"x":0.667,"y":1},"o":{"x":0.333,"y":0},"t":0,"s":[{"i":[[-108.248,0],[-34.231,-102.693],[87,-62],[-87,127]],"o":[[108.248,0],[30,90],[-88.153,62.822],[61.176,-89.303]],"v":[[0,-196],[196,0],[55,196],[-141,0]],"c":true}]},{"i":{"x":0.667,"y":1},"o":{"x":0.333,"y":0},"t":35,"s":[{"i":[[-119,-41],[31.105,-103.683],[104.896,20.243],[35.656,149.755]],"o":[[102.344,35.261],[-33,110],[-114,-22],[-25,-105]],"v":[[0,-196],[196,0],[55,196],[-141,0]],"c":true}]},{"i":{"x":0.667,"y":1},"o":{"x":0.333,"y":0},"t":69,"s":[{"i":[[-167.87,25.909],[104.33,-28.858],[0.101,-122.225],[-61.689,141.041]],"o":[[144.066,-22.235],[-208.901,57.784],[-0.114,138.654],[64.474,-147.409]],"v":[[0,-196],[196,0],[55,196],[-141,0]],"c":true}]},{"i":{"x":0.667,"y":1},"o":{"x":0.333,"y":0},"t":102,"s":[{"i":[[-73.636,-39.34],[80.69,-72.157],[42.39,-112.759],[-67.612,61.515]],"o":[[146,78],[-59.46,53.172],[-65.236,173.531],[76.1,-69.237]],"v":[[0,-196],[196,0],[55,196],[-141,0]],"c":true}]},{"t":146.000005946702,"s":[{"i":[[-108.248,0],[-34.231,-102.693],[87,-62],[-87,127]],"o":[[108.248,0],[30,90],[-88.153,62.822],[61.176,-89.303]],"v":[[0,-196],[196,0],[55,196],[-141,0]],"c":true}]}],"ix":2},"nm":"Path 1","mn":"ADBE Vector Shape - Group","hd":false},{"ty":"st","c":{"a":0,"k":[0.070588235294,0.752941176471,0.752941176471,1],"ix":3},"o":{"a":0,"k":100,"ix":4},"w":{"a":0,"k":2,"ix":5},"lc":1,"lj":1,"ml":4,"bm":0,"nm":"Stroke 1","mn":"ADBE Vector Graphic - Stroke","hd":false},{"ty":"fl","c":{"a":0,"k":[0.070588235294,0.752941176471,0.752941176471,1],"ix":4},"o":{"a":0,"k":0,"ix":5},"r":1,"bm":0,"nm":"Fill 1","mn":"ADBE Vector Graphic - Fill","hd":false},{"ty":"tr","p":{"a":0,"k":[2,0],"ix":2},"a":{"a":0,"k":[0,0],"ix":1},"s":{"a":0,"k":[100,100],"ix":3},"r":{"a":0,"k":63,"ix":6},"o":{"a":0,"k":100,"ix":7},"sk":{"a":0,"k":0,"ix":4},"sa":{"a":0,"k":0,"ix":5},"nm":"Transform"}],"nm":"Ellipse 1","np":3,"cix":2,"bm":0,"ix":1,"mn":"ADBE Vector Group","hd":false}],"ip":0,"op":609.000024805079,"st":0,"bm":0},{"ddd":0,"ind":7,"ty":4,"nm":"Shape Layer 10","sr":1,"ks":{"o":{"a":0,"k":35,"ix":11},"r":{"a":1,"k":[{"i":{"x":[0.833],"y":[0.833]},"o":{"x":[0.167],"y":[0.167]},"t":0,"s":[7]},{"t":146.000005946702,"s":[367]}],"ix":10},"p":{"a":0,"k":[250,250,0],"ix":2,"l":2},"a":{"a":0,"k":[0,0,0],"ix":1,"l":2},"s":{"a":0,"k":[100,100,100],"ix":6,"l":2}},"ao":0,"shapes":[{"ty":"gr","it":[{"ind":0,"ty":"sh","ix":1,"ks":{"a":1,"k":[{"i":{"x":0.667,"y":1},"o":{"x":0.333,"y":0},"t":0,"s":[{"i":[[-108.248,0],[-34.231,-102.693],[87,-62],[-87,127]],"o":[[108.248,0],[30,90],[-88.153,62.822],[61.176,-89.303]],"v":[[0,-196],[196,0],[55,196],[-141,0]],"c":true}]},{"i":{"x":0.667,"y":1},"o":{"x":0.333,"y":0},"t":35,"s":[{"i":[[-119,-41],[83.63,-171.189],[91.894,-19.026],[136.12,122.068]],"o":[[102.344,35.261],[-50.41,103.188],[-113.692,23.54],[-80.356,-72.061]],"v":[[0,-196],[140.921,-0.554],[55,196],[-141,0]],"c":true}]},{"i":{"x":0.667,"y":1},"o":{"x":0.333,"y":0},"t":69,"s":[{"i":[[-77.672,-30.611],[61.838,-88.846],[53.437,-48.909],[88.745,125.787]],"o":[[112.663,44.4],[-62.336,89.562],[-102.281,93.615],[-85.549,-121.256]],"v":[[0,-196],[196,0],[50.115,165.716],[-141,0]],"c":true}]},{"i":{"x":0.667,"y":1},"o":{"x":0.333,"y":0},"t":102,"s":[{"i":[[-74.17,38.325],[88.151,-62.825],[104.924,-20.101],[-96.599,61.86]],"o":[[97.23,-50.241],[-158.903,113.249],[-128.692,24.654],[168.835,-108.119]],"v":[[0,-196],[196,0],[55,196],[-141,0]],"c":true}]},{"t":146.000005946702,"s":[{"i":[[-108.248,0],[-34.231,-102.693],[87,-62],[-87,127]],"o":[[108.248,0],[30,90],[-88.153,62.822],[61.176,-89.303]],"v":[[0,-196],[196,0],[55,196],[-141,0]],"c":true}]}],"ix":2},"nm":"Path 1","mn":"ADBE Vector Shape - Group","hd":false},{"ty":"st","c":{"a":0,"k":[0.070588235294,0.752941176471,0.752941176471,1],"ix":3},"o":{"a":0,"k":100,"ix":4},"w":{"a":0,"k":2,"ix":5},"lc":1,"lj":1,"ml":4,"bm":0,"nm":"Stroke 1","mn":"ADBE Vector Graphic - Stroke","hd":false},{"ty":"fl","c":{"a":0,"k":[0.070588235294,0.752941176471,0.752941176471,1],"ix":4},"o":{"a":0,"k":0,"ix":5},"r":1,"bm":0,"nm":"Fill 1","mn":"ADBE Vector Graphic - Fill","hd":false},{"ty":"tr","p":{"a":0,"k":[2,0],"ix":2},"a":{"a":0,"k":[0,0],"ix":1},"s":{"a":0,"k":[100,100],"ix":3},"r":{"a":0,"k":0,"ix":6},"o":{"a":0,"k":100,"ix":7},"sk":{"a":0,"k":0,"ix":4},"sa":{"a":0,"k":0,"ix":5},"nm":"Transform"}],"nm":"Ellipse 1","np":3,"cix":2,"bm":0,"ix":1,"mn":"ADBE Vector Group","hd":false}],"ip":0,"op":609.000024805079,"st":0,"bm":0},{"ddd":0,"ind":8,"ty":4,"nm":"Shape Layer 9","sr":1,"ks":{"o":{"a":0,"k":61,"ix":11},"r":{"a":1,"k":[{"i":{"x":[0.833],"y":[0.833]},"o":{"x":[0.167],"y":[0.167]},"t":0,"s":[4]},{"t":146.000005946702,"s":[364]}],"ix":10},"p":{"a":0,"k":[250,250,0],"ix":2,"l":2},"a":{"a":0,"k":[0,0,0],"ix":1,"l":2},"s":{"a":0,"k":[100,100,100],"ix":6,"l":2}},"ao":0,"shapes":[{"ty":"gr","it":[{"ind":0,"ty":"sh","ix":1,"ks":{"a":1,"k":[{"i":{"x":0.667,"y":1},"o":{"x":0.333,"y":0},"t":0,"s":[{"i":[[-108.248,0],[-34.231,-102.693],[87,-62],[-87,127]],"o":[[108.248,0],[30,90],[-88.153,62.822],[61.176,-89.303]],"v":[[0,-196],[196,0],[55,196],[-141,0]],"c":true}]},{"i":{"x":0.667,"y":1},"o":{"x":0.333,"y":0},"t":35,"s":[{"i":[[-119,-41],[83.63,-171.189],[91.894,-19.026],[136.12,122.068]],"o":[[102.344,35.261],[-50.41,103.188],[-113.692,23.54],[-80.356,-72.061]],"v":[[0,-196],[140.921,-0.554],[55,196],[-141,0]],"c":true}]},{"i":{"x":0.667,"y":1},"o":{"x":0.333,"y":0},"t":69,"s":[{"i":[[-77.672,-30.611],[61.838,-88.846],[53.437,-48.909],[88.745,125.787]],"o":[[112.663,44.4],[-62.336,89.562],[-102.281,93.615],[-85.549,-121.256]],"v":[[0,-196],[196,0],[50.115,165.716],[-141,0]],"c":true}]},{"i":{"x":0.667,"y":1},"o":{"x":0.333,"y":0},"t":102,"s":[{"i":[[-74.17,38.325],[88.151,-62.825],[104.924,-20.101],[-96.599,61.86]],"o":[[97.23,-50.241],[-158.903,113.249],[-128.692,24.654],[168.835,-108.119]],"v":[[0,-196],[196,0],[55,196],[-141,0]],"c":true}]},{"t":146.000005946702,"s":[{"i":[[-108.248,0],[-34.231,-102.693],[87,-62],[-87,127]],"o":[[108.248,0],[30,90],[-88.153,62.822],[61.176,-89.303]],"v":[[0,-196],[196,0],[55,196],[-141,0]],"c":true}]}],"ix":2},"nm":"Path 1","mn":"ADBE Vector Shape - Group","hd":false},{"ty":"st","c":{"a":0,"k":[0.070588235294,0.752941176471,0.752941176471,1],"ix":3},"o":{"a":0,"k":100,"ix":4},"w":{"a":0,"k":2,"ix":5},"lc":1,"lj":1,"ml":4,"bm":0,"nm":"Stroke 1","mn":"ADBE Vector Graphic - Stroke","hd":false},{"ty":"fl","c":{"a":0,"k":[0.070588235294,0.752941176471,0.752941176471,1],"ix":4},"o":{"a":0,"k":0,"ix":5},"r":1,"bm":0,"nm":"Fill 1","mn":"ADBE Vector Graphic - Fill","hd":false},{"ty":"tr","p":{"a":0,"k":[2,0],"ix":2},"a":{"a":0,"k":[0,0],"ix":1},"s":{"a":0,"k":[100,100],"ix":3},"r":{"a":0,"k":0,"ix":6},"o":{"a":0,"k":100,"ix":7},"sk":{"a":0,"k":0,"ix":4},"sa":{"a":0,"k":0,"ix":5},"nm":"Transform"}],"nm":"Ellipse 1","np":3,"cix":2,"bm":0,"ix":1,"mn":"ADBE Vector Group","hd":false}],"ip":0,"op":609.000024805079,"st":0,"bm":0},{"ddd":0,"ind":9,"ty":4,"nm":"Shape Layer 1","sr":1,"ks":{"o":{"a":0,"k":100,"ix":11},"r":{"a":1,"k":[{"i":{"x":[0.833],"y":[0.833]},"o":{"x":[0.167],"y":[0.167]},"t":0,"s":[0]},{"t":146.000005946702,"s":[360]}],"ix":10},"p":{"a":0,"k":[250,250,0],"ix":2,"l":2},"a":{"a":0,"k":[0,0,0],"ix":1,"l":2},"s":{"a":0,"k":[100,100,100],"ix":6,"l":2}},"ao":0,"shapes":[{"ty":"gr","it":[{"ind":0,"ty":"sh","ix":1,"ks":{"a":1,"k":[{"i":{"x":0.667,"y":1},"o":{"x":0.333,"y":0},"t":0,"s":[{"i":[[-108.248,0],[-34.231,-102.693],[87,-62],[-87,127]],"o":[[108.248,0],[30,90],[-88.153,62.822],[61.176,-89.303]],"v":[[0,-196],[196,0],[55,196],[-141,0]],"c":true}]},{"i":{"x":0.667,"y":1},"o":{"x":0.333,"y":0},"t":35,"s":[{"i":[[-119,-41],[83.63,-171.189],[91.894,-19.026],[136.12,122.068]],"o":[[102.344,35.261],[-50.41,103.188],[-113.692,23.54],[-80.356,-72.061]],"v":[[0,-196],[140.921,-0.554],[55,196],[-141,0]],"c":true}]},{"i":{"x":0.667,"y":1},"o":{"x":0.333,"y":0},"t":69,"s":[{"i":[[-77.672,-30.611],[61.838,-88.846],[53.437,-48.909],[88.745,125.787]],"o":[[112.663,44.4],[-62.336,89.562],[-102.281,93.615],[-85.549,-121.256]],"v":[[0,-196],[196,0],[50.115,165.716],[-141,0]],"c":true}]},{"i":{"x":0.667,"y":1},"o":{"x":0.333,"y":0},"t":102,"s":[{"i":[[-74.17,38.325],[88.151,-62.825],[104.924,-20.101],[-96.599,61.86]],"o":[[97.23,-50.241],[-158.903,113.249],[-128.692,24.654],[168.835,-108.119]],"v":[[0,-196],[196,0],[55,196],[-141,0]],"c":true}]},{"t":146.000005946702,"s":[{"i":[[-108.248,0],[-34.231,-102.693],[87,-62],[-87,127]],"o":[[108.248,0],[30,90],[-88.153,62.822],[61.176,-89.303]],"v":[[0,-196],[196,0],[55,196],[-141,0]],"c":true}]}],"ix":2},"nm":"Path 1","mn":"ADBE Vector Shape - Group","hd":false},{"ty":"st","c":{"a":0,"k":[0.070588235294,0.752941176471,0.752941176471,1],"ix":3},"o":{"a":0,"k":100,"ix":4},"w":{"a":0,"k":2,"ix":5},"lc":1,"lj":1,"ml":4,"bm":0,"nm":"Stroke 1","mn":"ADBE Vector Graphic - Stroke","hd":false},{"ty":"fl","c":{"a":0,"k":[0.070588235294,0.752941176471,0.752941176471,1],"ix":4},"o":{"a":0,"k":0,"ix":5},"r":1,"bm":0,"nm":"Fill 1","mn":"ADBE Vector Graphic - Fill","hd":false},{"ty":"tr","p":{"a":0,"k":[2,0],"ix":2},"a":{"a":0,"k":[0,0],"ix":1},"s":{"a":0,"k":[100,100],"ix":3},"r":{"a":0,"k":0,"ix":6},"o":{"a":0,"k":100,"ix":7},"sk":{"a":0,"k":0,"ix":4},"sa":{"a":0,"k":0,"ix":5},"nm":"Transform"}],"nm":"Ellipse 1","np":3,"cix":2,"bm":0,"ix":1,"mn":"ADBE Vector Group","hd":false}],"ip":0,"op":609.000024805079,"st":0,"bm":0}]}],"layers":[{"ddd":0,"ind":1,"ty":0,"nm":"Pre-comp 6","refId":"comp_0","sr":1,"ks":{"o":{"a":0,"k":100,"ix":11},"r":{"a":0,"k":0,"ix":10},"p":{"a":0,"k":[250,250,0],"ix":2,"l":2},"a":{"a":0,"k":[250,250,0],"ix":1,"l":2},"s":{"a":0,"k":[100,100,100],"ix":6,"l":2}},"ao":0,"w":500,"h":500,"ip":0,"op":147.000005987433,"st":0,"bm":0},{"ddd":0,"ind":2,"ty":0,"nm":"Pre-comp 6","refId":"comp_0","sr":1,"ks":{"o":{"a":0,"k":100,"ix":11},"r":{"a":0,"k":120,"ix":10},"p":{"a":0,"k":[250,250,0],"ix":2,"l":2},"a":{"a":0,"k":[250,250,0],"ix":1,"l":2},"s":{"a":0,"k":[100,100,100],"ix":6,"l":2}},"ao":0,"w":500,"h":500,"ip":0,"op":147.000005987433,"st":0,"bm":0},{"ddd":0,"ind":3,"ty":0,"nm":"Pre-comp 6","refId":"comp_0","sr":1,"ks":{"o":{"a":0,"k":100,"ix":11},"r":{"a":0,"k":240,"ix":10},"p":{"a":0,"k":[250,250,0],"ix":2,"l":2},"a":{"a":0,"k":[250,250,0],"ix":1,"l":2},"s":{"a":0,"k":[100,100,100],"ix":6,"l":2}},"ao":0,"w":500,"h":500,"ip":0,"op":147.000005987433,"st":0,"bm":0}],"markers":[]}