{"v":"5.7.4","fr":25,"ip":0,"op":250,"w":1000,"h":1000,"nm":"absract 3","ddd":0,"assets":[],"layers":[{"ddd":0,"ind":1,"ty":4,"nm":"lines","sr":1,"ks":{"o":{"a":0,"k":100,"ix":11},"r":{"a":0,"k":0,"ix":10},"p":{"a":0,"k":[512,493,0],"ix":2,"l":2},"a":{"a":0,"k":[0,0,0],"ix":1,"l":2},"s":{"a":0,"k":[110,110,100],"ix":6,"l":2}},"ao":0,"shapes":[{"ty":"gr","it":[{"ind":0,"ty":"sh","ix":1,"ks":{"a":1,"k":[{"i":{"x":0.833,"y":1},"o":{"x":0.167,"y":0},"t":0,"s":[{"i":[[194,35],[95.241,13.606],[29,-98],[41,-88],[-154.634,-30.927],[-95.227,-26.301],[-77,114],[25.604,63.643]],"o":[[-105.498,-19.033],[-112,-16],[-25.281,85.433],[-34.672,74.417],[140,28],[105,29],[53.059,-78.554],[-35,-87]],"v":[[318,-398],[60,-233],[-305,-196],[-219,-46],[-316,422],[-76,226],[258,258],[211,80]],"c":true}]},{"i":{"x":0.833,"y":1},"o":{"x":0.167,"y":0},"t":93,"s":[{"i":[[45.527,29.807],[104.973,162.215],[28.495,-141.06],[-35.004,-158.383],[-0.416,-85.044],[-99.336,-112.198],[-21.847,128.417],[57.889,91.548]],"o":[[-109.635,-59.6],[-93.213,-147.305],[-25.843,127.931],[17.548,79.159],[0.187,118.333],[99.336,112.198],[20.669,-121.496],[-60.712,-96.011]],"v":[[246.488,-247.386],[-56.787,-252.695],[-398.495,-350.94],[-204.077,66.151],[-356.814,288.161],[12.664,247.802],[363.331,329.496],[219.712,38.011]],"c":true}]},{"i":{"x":0.833,"y":1},"o":{"x":0.167,"y":0},"t":167,"s":[{"i":[[52.716,27.001],[134,-55],[63,-62],[189.244,-110.507],[-62,-62],[-120.935,97.973],[-132.548,50.98],[-109,72]],"o":[[-82,-42],[-115.875,47.56],[-63.502,62.494],[-137,80],[57.009,57.009],[158,-128],[182,-70],[127.51,-84.227]],"v":[[216,-260],[-64,-211],[-291,-266],[-271,50],[-370,302],[-48,230],[328,388],[207,-76]],"c":true}]},{"t":250,"s":[{"i":[[194,35],[95.241,13.606],[29,-98],[41,-88],[-154.634,-30.927],[-95.227,-26.301],[-77,114],[25.604,63.643]],"o":[[-105.498,-19.033],[-112,-16],[-25.281,85.433],[-34.672,74.417],[140,28],[105,29],[53.059,-78.554],[-35,-87]],"v":[[318,-398],[60,-233],[-305,-196],[-219,-46],[-316,422],[-76,226],[258,258],[211,80]],"c":true}]}],"ix":2},"nm":"Path 1","mn":"ADBE Vector Shape - Group","hd":false},{"ty":"st","c":{"a":0,"k":[0.070588235294,0.752941176471,0.752941176471,1],"ix":3},"o":{"a":0,"k":100,"ix":4},"w":{"a":0,"k":2,"ix":5},"lc":1,"lj":1,"ml":4,"bm":0,"nm":"Stroke 1","mn":"ADBE Vector Graphic - Stroke","hd":false},{"ty":"rp","c":{"a":0,"k":26,"ix":1},"o":{"a":0,"k":0,"ix":2},"m":1,"ix":3,"tr":{"ty":"tr","p":{"a":1,"k":[{"i":{"x":0.833,"y":0.833},"o":{"x":0.167,"y":0.167},"t":0,"s":[-1.5,0],"to":[0,0],"ti":[0,0]},{"i":{"x":0.833,"y":1},"o":{"x":0.167,"y":0},"t":122,"s":[0.5,0],"to":[0,0],"ti":[0,0]},{"t":249,"s":[-1.5,0]}],"ix":2},"a":{"a":0,"k":[0,0],"ix":1},"s":{"a":1,"k":[{"i":{"x":[0.833,0.833],"y":[0.833,0.833]},"o":{"x":[0.167,0.167],"y":[0.167,0.167]},"t":0,"s":[96,96]},{"i":{"x":[0.833,0.833],"y":[0.833,0.833]},"o":{"x":[0.167,0.167],"y":[0.167,0.167]},"t":122,"s":[97,97]},{"t":249,"s":[96,96]}],"ix":3},"r":{"a":0,"k":0,"ix":4},"so":{"a":0,"k":85,"ix":5},"eo":{"a":0,"k":100,"ix":6},"nm":"Transform"},"nm":"Repeater 1","mn":"ADBE Vector Filter - Repeater","hd":false},{"ty":"tr","p":{"a":0,"k":[0,0],"ix":2},"a":{"a":0,"k":[0,0],"ix":1},"s":{"a":0,"k":[100,100],"ix":3},"r":{"a":0,"k":0,"ix":6},"o":{"a":0,"k":100,"ix":7},"sk":{"a":0,"k":0,"ix":4},"sa":{"a":0,"k":0,"ix":5},"nm":"Transform"}],"nm":"Shape 1","np":3,"cix":2,"bm":0,"ix":1,"mn":"ADBE Vector Group","hd":false}],"ip":0,"op":250,"st":0,"bm":0}],"markers":[]}